{"cameraMode":{"drawMode":0,"name":"Shaded","section":"Shading Mode"},"sceneLighting":true,"audioPlay":false,"sceneViewState":{"showFog":false,"showMaterialUpdate":false,"showSkybox":false,"showFlares":false,"showImageEffects":false,"showParticleSystems":false},"in2DMode":false,"pivot":{"x":1.8772215843200684,"y":11.892179489135743,"z":58.61579895019531},"rotation":{"x":0.019187593832612039,"y":-0.014399652369320393,"z":-0.000275676284218207,"w":-0.9997133612632752},"size":57.55891418457031,"orthographic":false}